<?xml version="1.0" encoding="UTF-8"?>
<!DOCTYPE suite SYSTEM "https://testng.org/testng-1.0.dtd">

<!-- This scenario is used to Login and Logout for the Internal User -->

<suite name="Cira Management">
	<parameter name="usertype" value="internaluser"></parameter>
	<parameter name="username" value="abhay.ranade"></parameter>

	<listeners>
		<listener class-name="com.ciranet.testlisteners.TestListener" />
		<listener class-name="com.ciranet.testlisteners.LoginListener" />
	</listeners>

	<test thread-count="1" name="Login Test Case-Internal User" enabled="true">
		<classes>
			<class name="com.ciranet.loginpage.testcases.LoginPageTest">
				<methods>
					<include name="verifyValidLogin"></include>
					<include name="verifyLogout"></include>
				</methods>
			</class>
		</classes>
	</test>
	
</suite> 