<?xml version="1.0" encoding="UTF-8"?>
<!DOCTYPE suite SYSTEM "https://testng.org/testng-1.0.dtd">

<!-- This scenario is used to Login and Logout for the Board Member User and the
Board Member  -->

<suite name="Cira Management">
	<listeners>
		<listener class-name="com.ciranet.testlisteners.TestListener" />
		<listener class-name="com.ciranet.testlisteners.LoginListener" />
	</listeners>

	<parameter name="usertype" value="boardmember"></parameter>
	<parameter name="username" value="sirajuddinzafar@yahoo.com"></parameter>
	
	<test thread-count="1" name="Login Test Case-Boardmember User"
		enabled="true">
		<classes>
			<class name="com.ciranet.loginpage.testcases.LoginPageTest">
				<methods>
					<include name="verifyValidLogin"></include>
					<include name="verifyLogout"></include>
				</methods>
			</class>
		</classes>
	</test>
</suite> 