<?xml version="1.0" encoding="UTF-8"?>
<credentials>
    <user>
        <usertype>boardmember</usertype>
        <username>sirajuddinzafar@yahoo.com</username>
        <password>abhay.ranade/YellowFrame62#</password>
    </user>
    <user>
        <usertype>boardmember</usertype>
        <username>deedee@bitterblue.com</username>
        <password>abhay.ranade/YellowFrame62#</password>
    </user>
    <user>
        <usertype>internaluser</usertype>
        <username>sharad.kamble</username>
        <password>StrongBook30!</password>
    </user>
    <user>
        <usertype>internaluser</usertype>
        <username>abhay.ranade</username>
        <password>YellowFrame62#</password>
    </user>
</credentials>